{
  "users": [
    {
      "email": "test@example.com",
      "password": "123456"
    },
    {
      "email": "ffdhesi143@gmail.com",
      "password": "123456"
    },
    {
      "email": "madhu@gmail.com",
      "password": "123456"
    },
    {
      "email": "Ragu@gmail.com",
      "username": "Ragu",
      "password": "123456"
    },
    {
      "email": "dummy@gmail.com",
      "username": "dummy",
      "password": "123456"
    },
    {
      "email": "raguricky10@gmail.com",
      "username": "Ragu",
      "password": "123456"
    }
  ]
}